minLon,minLat,maxLon,maxLat
2.124225,48.715758,2.567260,49.001653
